bar,tempo,meter,beat,clickdb,action 0,action 1,action 2,action 3,comments,,
0,60,12,1,12,,,,,this column is ignored,,
0,,,2,,,,,,,,
0,,,3,,,,,,,,
0,,,4,,,,,,,,
0,,,5,,,,,,,,
1,537.6,,1,-60,h,,,,in semi-quavers,,
1,,,2,,,h,,,,,
1,,,3,,,,h,,,,
1,,,4,,,,,h,,,
1,,,5,,h,,,,,,
2,160,1,1,,,h,,,,,
3,176,2,1,,,,h,,,,
3,,,2,,,,,h,,,
4,200,,1,,h,,,,,,
4,,,2,,,h,,,,,
5,296,,1,,,,h,,,,
5,,,2,,,,,h,,,
6,368,,1,,h,,,,,,
6,,,2,,,h,,,,,
7,448,,1,,,,h,,,,
7,,,2,,,,,h,,,
8,537.6,3,1,,h,,,,,,
8,,,2,,,h,,,,,
8,,,3,,,,h,,,,
9,176,2,1,,,,,h,,,
9,,,2,,h,,,,,,
10,200,1,1,,,h,,,,,
11,296,2,1,,,,h,,,,
11,,,2,,,,,h,,,
12,368,2,1,,h,,,,,,
12,,,2,,,h,,,,,
13,448,,1,,,,h,,,,
13,,,2,,,,,h,,,
14,537.6,3,1,,h,,,,,,
14,,,2,,,h,,,,,
14,,,3,,,,h,,,,
15,192,2,1,,,,,h,,,
15,,,2,,h,,,,,,
16,208,,1,,,h,,,,,
16,,,2,,,,h,,,,
17,224,,1,,,,,h,,,
17,,,2,,h,,,,,,
18,296,,1,,,h,,,,,
18,,,2,,,,h,,,,
19,368,,1,,,,,h,,,
19,,,2,,h,,,,,,
20,448,3,1,,,h,,,,,
20,,,2,,,,h,,,,
20,,,3,,,,,h,,,
21,537.6,5,1,,h,,,,,,
21,,,2,,,h,,,,,
21,,,3,,,,h,,,,
21,,,4,,,,,h,,,
21,,,5,,h,,,,,,
22,216,2,1,,,h,,,,,
22,,,2,,,,h,,,,
23,224,,1,,,,,h,,,
23,,,2,,h,,,,,,
24,296,,1,,,h,,,,,
24,,,2,,,,h,,,,
25,368,,1,,,,,h,,,
25,,,2,,h,,,,,,
26,448,3,1,,,h,,,,,
26,,,2,,,,h,,,,
26,,,3,,,,,h,,,
27,537.6,,1,,h,,,,,,
27,,,2,,,h,,,,,
27,,,3,,,,h,,,,
28,212,2,1,,,,,h,,,
28,,,2,,h,,,,,,
29,224,,1,,,h,,,,,
29,,,2,,,,h,,,,
30,288,,1,,,,,h,,,
30,,,2,,h,,,,,,
31,352,,1,,,h,,,,,
31,,,2,,,,h,,,,
32,384,,1,,,,,h,,,
32,,,2,,h,,,,,,
33,448,3,1,,,h,,,,,
33,,,2,,,,h,,,,
33,,,3,,,,,h,,,
34,537.6,5,1,,h,,,,,,
34,,,2,,,h,,,,,
34,,,3,,,,h,,,,
34,,,4,,,,,h,,,
34,,,5,,h,,,,,,
35,208,1,1,,,h,,,,,
36,216,,1,,,,h,,,,
37,224,2,1,,,,,h,,,
37,,,2,,h,,,,,,
38,280,,1,,,h,,,,,
38,,,2,,,,h,,,,
39,336,,1,,,,,h,,,
39,,,2,,h,,,,,,
40,384,,1,,,h,,,,,
40,,,2,,,,h,,,,
41,436,,1,,,,,h,,,
41,,,2,,h,,,,,,
42,448,3,1,,,h,,,,,
42,,,2,,,,h,,,,
42,,,3,,,,,h,,,
43,537.6,5,1,,h,,,,,,
43,,,2,,,h,,,,,
43,,,3,,,,h,,,,
43,,,4,,,,,h,,,
43,,,5,,h,,,,,,
44,204,1,1,,,h,,,,,
45,224,,1,,,,h,,,,
46,256,,1,,,,,h,,,
47,288,2,1,,h,,,,,,
47,,,2,,,h,,,,,
48,352,,1,,,,h,,,,
48,,,2,,,,,h,,,
49,392,,1,,h,,,,,,
49,,,2,,,h,,,,,
50,448,,1,,,,h,,,,
50,,,2,,,,,h,,,
51,537.6,5,1,,h,,,,,,
51,,,2,,,h,,,,,
51,,,3,,,,h,,,,
51,,,4,,,,,h,,,
51,,,5,,h,,,,,,
52,200,1,1,,,h,,,,,
53,208,2,1,,,,h,,,,
53,,,2,,,,,h,,,
54,256,,1,,h,,,,,,
54,,,2,,,h,,,,,
55,304,,1,,,,h,,,,
55,,,2,,,,,h,,,
56,336,,1,,h,,,,,,
56,,,2,,,h,,,,,
57,344,,1,,,,h,,,,
57,,,2,,,,,h,,,
58,352,,1,,h,,,,,,
58,,,2,,,h,,,,,
59,360,,1,,,,h,,,,
59,,,2,,,,,h,,,
60,368,,1,,h,,,,,,
60,,,2,,,h,,,,,
61,376,,1,,,,h,,,,
61,,,2,,,,,h,,,
62,384,,1,,h,,,,,,
62,,,2,,,h,,,,,
63,392,,1,,,,h,,,,
63,,,2,,,,,h,,,
64,400,,1,,h,,,,,,
64,,,2,,,h,,,,,
65,408,,1,,,,h,,,,
65,,,2,,,,,h,,,
66,416,,1,,h,,,,,,
66,,,2,,,h,,,,,
67,424,,1,,,,h,,,,
67,,,2,,,,,h,,,
68,432,,1,,h,,,,,,
68,,,2,,,h,,,,,
69,436,,1,,,,h,,,,
69,,,2,,,,,h,,,
70,440,,1,,h,,,,,,
70,,,2,,,h,,,,,
71,444,,1,,,,h,,,,
71,,,2,,,,,h,,,
72,448,4,1,,h,,,,,,
72,,,2,,,h,,,,,
72,,,3,,,,h,,,,
72,,,4,,,,,h,,,
73,,,1,,h,,,,,,
73,,,2,,,h,,,,,
73,,,3,,,,h,,,,
73,,,4,,,,,h,,,
74,,,1,,h,,,,,,
74,,,2,,,h,,,,,
74,,,3,,,,h,,,,
74,,,4,,,,,h,,,
75,,,1,,h,,,,,,
75,,,2,,,h,,,,,
75,,,3,,,,h,,,,
75,,,4,,,,,h,,,
76,,,1,,h,,,,,,
76,,,2,,,h,,,,,
76,,,3,,,,h,,,,
76,,,4,,,,,h,,,
77,,,1,,h,,,,,,
77,,,2,,,h,,,,,
77,,,3,,,,h,,,,
77,,,4,,,,,h,,,
78,,,1,,h,,,,,,
78,,,2,,,h,,,,,
78,,,3,,,,h,,,,
78,,,4,,,,,h,,,
79,,,1,,h,,,,,,
79,,,2,,,h,,,,,
79,,,3,,,,h,,,,
79,,,4,,,,,h,,,
80,,,1,,h,,,,,,
80,,,2,,,h,,,,,
80,,,3,,,,h,,,,
80,,,4,,,,,h,,,
81,537.6,3,1,,h,,,,,,
81,,,2,,,h,,,,,
81,,,3,,,,h,,,,
82,448,4,1,,,,,h,,,
82,,,2,,h,,,,,,
82,,,3,,,h,,,,,
82,,,4,,,,h,,,,
83,,5,1,,,,,h,,,
83,,,2,,h,,,,,,
83,,,3,,,h,,,,,
83,,,4,,,,h,,,,
83,,,5,,,,,h,,,
84,537.6,2,1,,h,,,,,,
84,,,2,,,h,,,,,
85,448,4,1,,,,h,,,,
85,,,2,,,,,h,,,
85,,,3,,h,,,,,,
85,,,4,,,h,,,,,
86,,,1,,,,h,,,,
86,,,2,,,,,h,,,
86,,,3,,h,,,,,,
86,,,4,,,h,,,,,
87,537.6,3,1,,,,h,,,,
87,,,2,,,,,h,,,
87,,,3,,h,,,,,,
88,448,4,1,,,h,,,,,
88,,,2,,,,h,,,,
88,,,3,,,,,h,,,
88,,,4,,h,,,,,,
89,,,1,,,h,,,,,
89,,,2,,,,h,,,,
89,,,3,,,,,h,,,
89,,,4,,h,,,,,,
90,537.6,3,1,,,h,,,,,
90,,,2,,,,h,,,,
90,,,3,,,,,h,,,
91,448,4,1,,h,,,,,,
91,,,2,,,h,,,,,
91,,,3,,,,h,,,,
91,,,4,,,,,h,,,
92,,,1,,h,,,,,,
92,,,2,,,h,,,,,
92,,,3,,,,h,,,,
92,,,4,,,,,h,,,
93,537.6,3,1,,h,,,,,,
93,,,2,,,h,,,,,
93,,,3,,,,h,,,,
94,448,5,1,,,,,h,,,
94,,,2,,h,,,,,,
94,,,3,,,h,,,,,
94,,,4,,,,h,,,,
94,,,5,,,,,h,,,
95,537.6,2,1,,h,,,,,,
95,,,2,,,h,,,,,
96,448,6,1,,,,h,,,,
96,,,2,,,,,h,,,
96,,,3,,h,,,,,,
96,,,4,,,h,,,,,
96,,,5,,,,h,,,,
96,,,6,,,,,h,,,
97,537.6,4,1,,h,,,,,,
97,,,2,,,h,,,,,
97,,,3,,,,h,,,,
97,,,4,,,,,h,,,
98,448,5,1,,h,,,,,,
98,,,2,,,h,,,,,
98,,,3,,,,h,,,,
98,,,4,,,,,h,,,
98,,,5,,h,,,,,,
99,537.6,3,1,,,h,,,,,
99,,,2,,,,h,,,,
99,,,3,,,,,h,,,
100,448,5,1,,h,,,,,,
100,,,2,,,h,,,,,
100,,,3,,,,h,,,,
100,,,4,,,,,h,,,
100,,,5,,h,,,,,,
101,537.6,4,1,,,h,,,,,
101,,,2,,,,h,,,,
101,,,3,,,,,h,,,
101,,,4,,h,,,,,,
102,448,5,1,,,h,,,,,
102,,,2,,,,h,,,,
102,,,3,,,,,h,,,
102,,,4,,h,,,,,,
102,,,5,,,h,,,,,
103,537.6,3,1,,,,h,,,,
103,,,2,,,,,h,,,
103,,,3,,h,,,,,,
104,448,5,1,,,h,,,,,
104,,,2,,,,h,,,,
104,,,3,,,,,h,,,
104,,,4,,h,,,,,,
104,,,5,,,h,,,,,
105,537.6,4,1,,,,h,,,,
105,,,2,,,,,h,,,
105,,,3,,h,,,,,,
105,,,4,,,h,,,,,
106,448,,1,,,,h,,,,
106,,,2,,,,,h,,,
106,,,3,,h,,,,,,
106,,,4,,,h,,,,,
107,537.6,,1,,,,h,,,,
107,,,2,,,,,h,,,
107,,,3,,h,,,,,,
107,,,4,,,h,,,,,
108,448,3,1,,,,h,,,,
108,,,2,,,,,h,,,
108,,,3,,h,,,,,,
109,537.6,5,1,,,h,,,,,
109,,,2,,,,h,,,,
109,,,3,,,,,h,,,
109,,,4,,h,,,,,,
109,,,5,,,h,,,,,
110,448,3,1,,,,h,,,,
110,,,2,,,,,h,,,
110,,,3,,h,,,,,,
111,537.6,5,1,,,h,,,,,
111,,,2,,,,h,,,,
111,,,3,,,,,h,,,
111,,,4,,h,,,,,,
111,,,5,,,h,,,,,
112,448,3,1,,,,h,,,,
112,,,2,,,,,h,,,
112,,,3,,h,,,,,,
113,537.6,5,1,,,h,,,,,
113,,,2,,,,h,,,,
113,,,3,,,,,h,,,
113,,,4,,h,,,,,,
113,,,5,,,h,,,,,
114,448,3,1,,,,h,,,,
114,,,2,,,,,h,,,
114,,,3,,h,,,,,,
115,537.6,5,1,,,h,,,,,
115,,,2,,,,h,,,,
115,,,3,,,,,h,,,
115,,,4,,h,,,,,,
115,,,5,,,h,,,,,
116,448,2,1,,,,h,,,,
116,,,2,,,,,h,,,
117,537.6,5,1,,h,,,,,,
117,,,2,,,h,,,,,
117,,,3,,,,h,,,,
117,,,4,,,,,h,,,
117,,,5,,h,,,,,,
118,448,2,1,,,h,,,,,
118,,,2,,,,h,,,,
119,537.6,5,1,,,,,h,,,
119,,,2,,h,,,,,,
119,,,3,,,h,,,,,
119,,,4,,,,h,,,,
119,,,5,,,,,h,,,
120,448,2,1,,h,,,,,,
120,,,2,,,h,,,,,
121,432,,1,,,,h,,,,
121,,,2,,,,,h,,,
122,537.6,5,1,,h,,,,,,
122,,,2,,,h,,,,,
122,,,3,,,,h,,,,
122,,,4,,,,,h,,,
122,,,5,,h,,,,,,
123,448,2,1,,,h,,,,,
123,,,2,,,,h,,,,
124,424,,1,,,,,h,,,
124,,,2,,h,,,,,,
125,392,,1,,,h,,,,,
125,,,2,,,,h,,,,
126,537.6,5,1,,,,,h,,,
126,,,2,,h,,,,,,
126,,,3,,,h,,,,,
126,,,4,,,,h,,,,
126,,,5,,,,,h,,,
127,448,2,1,,h,,,,,,
127,,,2,,,h,,,,,
128,416,,1,,,,h,,,,
128,,,2,,,,,h,,,
129,384,,1,,h,,,,,,
129,,,2,,,h,,,,,
130,353,,1,,,,h,,,,
130,,,2,,,,,h,,,
131,537.6,5,1,,h,,,,,,
131,,,2,,,h,,,,,
131,,,3,,,,h,,,,
131,,,4,,,,,h,,,
131,,,5,,h,,,,,,
132,448,2,1,,,h,,,,,
132,,,2,,,,h,,,,
133,224,1,1,,,,,h,,,
134,537.6,5,1,,h,,,,,,
134,,,2,,,h,,,,,
134,,,3,,,,h,,,,
134,,,4,,,,,h,,,
134,,,5,,h,,,,,,
135,448,2,1,,,h,,,,,
135,,,2,,,,h,,,,
136,400,,1,,,,,h,,,
136,,,2,,h,,,,,,
137,352,,1,,,h,,,,,
137,,,2,,,,h,,,,
138,200,1,1,,,,,h,,,
139,537.6,5,1,,h,,,,,,
139,,,2,,,h,,,,,
139,,,3,,,,h,,,,
139,,,4,,,,,h,,,
139,,,5,,h,,,,,,
140,320,2,1,,,h,,,,,
140,,,2,,,,h,,,,
141,180,1,1,,,,,h,,,
142,537.6,5,1,,h,,,,,,
142,,,2,,,h,,,,,
142,,,3,,,,h,,,,
142,,,4,,,,,h,,,
142,,,5,,h,,,,,,
143,496,2,1,,,h,,,,,
143,,,2,,,,h,,,,
144,537.6,,1,,,,,h,,,
144,,,2,,h,,,,,,
145,480,,1,,,h,,,,,
145,,,2,,,,h,,,,
146,537.6,3,1,,,,,h,,,
146,,,2,,h,,,,,,
146,,,3,,,h,,,,,
147,464,2,1,,,,h,,,,
147,,,2,,,,,h,,,
148,537.6,3,1,,h,,,,,,
148,,,2,,,h,,,,,
148,,,3,,,,h,,,,
149,448,2,1,,,,,h,,,
149,,,2,,h,,,,,,
150,320,,1,,,h,,,,,
150,,,2,,,,h,,,,
151,160,1,1,,,,,h,,,
152,537.6,5,1,,h,,,,,,
152,,,2,,,h,,,,,
152,,,3,,,,h,,,,
152,,,4,,,,,h,,,
152,,,5,,h,,,,,,
153,496,3,1,,,h,,,,,
153,,,2,,,,h,,,,
153,,,3,,,,,h,,,
154,537.6,2,1,,h,,,,,,
154,,,2,,,h,,,,,
155,464,3,1,,,,h,,,,
155,,,2,,,,,h,,,
155,,,3,,h,,,,,,
156,537.6,4,1,,,h,,,,,
156,,,2,,,,h,,,,
156,,,3,,,,,h,,,
156,,,4,,h,,,,,,
157,320,2,1,,,h,,,,,
157,,,2,,,,h,,,,
158,152,1,1,,,,,h,,,
159,537.6,4,1,,,h,,,,,
159,,,2,,,,h,,,,
159,,,3,,,,,h,,,
159,,,4,,h,,,,,,
160,320,2,1,,,h,,,,,
160,,,2,,,,h,,,,
161,152,1,1,,,,,h,,,
162,527.6,4,1,,h,,,,,,
162,,,2,,,h,,,,,
162,,,3,,,,h,,,,
162,,,4,,,,,h,,,
163,496,3,1,,h,,,,,,
163,,,2,,,h,,,,,
163,,,3,,,,h,,,,
164,537.6,,1,,,,,h,,,
164,,,2,,h,,,,,,
164,,,3,,,h,,,,,
165,488,2,1,,,,h,,,,
165,,,2,,,,,h,,,
166,537.6,5,1,,h,,,,,,
166,,,2,,,h,,,,,
166,,,3,,,,h,,,,
166,,,4,,,,,h,,,
166,,,5,,h,,,,,,
167,320,2,1,,,h,,,,,
167,,,2,,,,h,,,,
168,152,1,1,,,,,h,,,
169,537.6,5,1,,h,,,,,,
169,,,2,,,h,,,,,
169,,,3,,,,h,,,,
169,,,4,,,,,h,,,
169,,,5,,h,,,,,,
170,320,2,1,,,h,,,,,
170,,,2,,,,h,,,,
171,152,1,1,,,,,h,,,
172,537.6,5,1,,h,,,,,,
172,,,2,,,h,,,,,
172,,,3,,,,h,,,,
172,,,4,,,,,h,,,
172,,,5,,h,,,,,,
173,448,2,1,,,h,,,,,
173,,,2,,,,h,,,,
174,152,1,1,,,,,h,,,
175,537.6,5,1,,h,,,,,,
175,,,2,,,h,,,,,
175,,,3,,,,h,,,,
175,,,4,,,,,h,,,
175,,,5,,h,,,,,,
176,496,2,1,,,h,,,,,
176,,,2,,,,h,,,,
177,537.6,5,1,,,,,h,,,
177,,,2,,h,,,,,,
177,,,3,,,h,,,,,
177,,,4,,,,h,,,,
177,,,5,,,,,h,,,
178,492,2,1,,h,,,,,,
178,,,2,,,h,,,,,
179,537.6,5,1,,,,h,,,,
179,,,2,,,,,h,,,
179,,,3,,h,,,,,,
179,,,4,,,h,,,,,
179,,,5,,,,h,,,,
180,488,2,1,,,,,h,,,
180,,,2,,h,,,,,,
181,537.6,5,1,,,h,,,,,
181,,,2,,,,h,,,,
181,,,3,,,,,h,,,
181,,,4,,h,,,,,,
181,,,5,,,h,,,,,
182,484,2,1,12,,,h,,,,
182,,,2,,,,,h,,,
183,537.6,5,1,,h,,,,,,
183,,,2,,,h,,,,,
183,,,3,,,,h,,,,
183,,,4,,,,,h,,,
183,,,5,,h,,,,,,
184,480,2,1,,,h,,,,,
184,,,2,,,,h,,,,
185,537.6,4,1,,,,,h,,,
185,,,2,,h,,,,,,
185,,,3,,,h,,,,,
185,,,4,,,,h,,,,
186,476,3,1,,,,,h,,,
186,,,2,,h,,,,,,
186,,,3,,,h,,,,,
187,537.6,,1,,,,h,,,,
187,,,2,,,,,h,,,
187,,,3,,h,,,,,,
188,472,2,1,,,h,,,,,
188,,,2,,,,h,,,,
189,64,1,1,,,,,h,in quavers,,
190,72,2,1,,h,,,,,,
190,,,2,,,h,,,,,
191,80,,1,,,,h,,,,
191,,,2,,,,,h,,,
192,88,,1,-60,h,,,,,,
192,,,2,,,h,,,,,
193,92,,1,,,,h,,,,
193,,,2,,,,,h,,,
194,96,,1,,h,,,,,,
194,,,2,,,h,,,,,
195,100,,1,,,,h,,,,
195,,,2,,,,,h,,,
196,104,,1,,h,,,,,,
196,,,2,,,h,,,,,
197,108,,1,,,,h,,,,
197,,,2,,,,,h,,,
198,112,4,1,12,,,h,,,,
198,,,2,,,h,,,,,
198,,,3,,,,h,,,,
198,,,4,,,,,h,,,
199,,,1,,,,h,,,,
199,,,2,,,h,,,,,
199,,,3,,,,h,,,,
199,,,4,,,,,h,,,
200,,,1,,,,h,,,,
200,,,2,,,h,,,,,
200,,,3,,,,h,,,,
200,,,4,,,,,h,,,
201,,3,1,,,,h,,,,
201,,,2,,,h,,,,,
201,,,3,,h,,,,,,
201,,,3.25,,,h,,,,,
201,,,3.5,,,,h,,,,
201,,,3.75,,,,,h,,,
202,,4,1,,h,,,,,,
202,,,3,,,h,,,,,
202,,,4.25,,,,h,,,,
202,,,4.5,,,,,h,,,
202,,,4.75,,h,,,,,,
203,,,1,,,h,,,,,
203,,,3,,,,h,,,,
203,,,3.2,,,,,h,,,
203,,,3.4,,h,,,,,,
203,,,3.6,,,h,,,,,
203,,,3.8,,,,h,,,,
203,,,4,,,,,h,,,
204,,,2,,h,,,,,,
204,,,2.25,,,h,,,,,
204,,,3,,,,h,,,,
204,,,3.25,,,,,h,,,
204,,,4,,h,,,,,,
204,,,4.25,,,h,,,,,
205,,,1,,,,h,,,,
205,,,1.25,,,,,h,,,
205,,,2,,h,,,,,,
205,,,2.25,,,h,,,,,
205,,,3,,,,h,,,,
206,,2,1,,,,,h,,,
206,,,1.2,,h,,,,,,
206,,,1.4,,,h,,,,,
206,,,1.6,,,,h,,,,
206,,,1.8,,,,,h,,,
206,,,2,,h,,,,,,
207,,5,2,,h,,,,,,
207,,,2.2,,,h,,,,,
207,,,2.4,,,,h,,,,
207,,,2.6,,,,,h,,,
207,,,2.8,,h,,,,,,
207,,,3,,,h,,,,,
207,,,4,,h,,h,,,,
207,,,4.25,,,h,,,,,
207,,,4.75,,,,,h,,,
207,,,5,,h,,,,,,
208,,6,2,,h,,,,,,
208,,,2.2,,,h,,,,,
208,,,2.4,,,,h,,,,
208,,,2.6,,,,,h,,,
208,,,2.8,,h,,,,,,
208,,,3,,,h,,,,,
208,,,4,,h,,,,,,
208,,,4.25,,,h,,,,,
208,,,5,,,,h,,,,
208,,,5.25,,,,,h,,,
208,,,6,,h,,,,,,
209,,5,2,,h,,,,,,
209,,,2.2,,,h,,,,,
209,,,2.4,,,,h,,,,
209,,,2.6,,,,,h,,,
209,,,2.8,,h,,,,,,
209,,,3,,,h,,,,,
209,,,4,,,,h,,,,
209,,,4.2,,,,,h,,,
209,,,4.4,,h,,,,,,
209,,,4.6,,,h,,,,,
209,,,4.8,,,,h,,,,
209,,,5,,,,,h,,,
210,,6,2,,h,,,,,,
210,,,2.25,,,h,,,,,
210,,,2.5,,,,h,,,,
210,,,3,,,,,h,,,
210,,,3.25,,h,,,,,,
210,,,3.5,,,h,,,,,
210,,,4,,,,h,,,,
210,,,4.25,,,,,h,,,
210,,,4.5,,h,,,,,,
210,,,4.75,,,h,,,,,
210,,,5,,,,h,,,,
211,,,1,,,,,h,,,
211,,,1.25,,h,,,,,,
211,,,1.5,,,h,,,,,
211,,,1.75,,,,h,,,,
211,,,2,,,,,h,,,
211,,,2.25,,h,,,,,,
211,,,2.5,,,h,,,,,
211,,,2.75,,,,h,,,,
211,,,3,,,,,h,,,
211,,,4.5,,h,,,,,,
211,,,4.75,,,h,,,,,
211,,,5,,,,h,,,,
212,,2,1,,,,,h,,,
212,,,1.33,,h,,,,,,
212,,,1.66,,,h,,,,,
212,,,2,,,,h,,,,
212,,,2.2,,,,,h,,,
212,,,2.4,,h,,,,,,
212,,,2.6,,,h,,,,,
212,,,2.8,,,,h,,,,
213,,5,1,,,,,h,,,
213,,,2,,h,,,,,,
213,,,2.25,,,h,,,,,
213,,,2.5,,,,h,,,,
213,,,2.75,,,,,h,,,
213,,,3,,h,,,,,,
213,,,3.2,,,h,,,,,
213,,,3.4,,,,h,,,,
213,,,3.6,,,,,h,,,
213,,,3.8,,h,,,,,,
213,,,4,,,h,,,,,
214,,2,1,,,,h,,,,
214,,,1.25,,,,,h,,,
214,,,1.5,,h,,,,,,
214,,,1.75,,,h,,,,,
214,,,2,,,,h,,,,
214,,,2.2,,,,,h,,,
214,,,2.4,,h,,,,,,
214,,,2.6,,,h,,,,,
214,,,2.8,,,,h,,,,
215,,6,1,,,,,h,,,
215,,,3,,,,,h,,,
215,,,3.2,,h,,,,,,
215,,,3.4,,,h,,,,,
215,,,3.6,,,,h,,,,
215,,,3.8,,,,,h,,,
215,,,4,,h,,,,,,
215,,,4.25,,,h,,,,,
215,,,4.5,,,,h,,,,
215,,,4.75,,,,,h,,,
215,,,5,,h,,,,,,
216,,4,1,,,h,,,,,
216,,,1.33,,,,h,,,,
216,,,1.66,,,,,h,,,
216,,,2,,h,,,,,,
216,,,2.25,,,h,,,,,
216,,,2.5,,,,h,,,,
216,,,2.75,,,,,h,,,
216,,,3,,h,,,,,,
216,,,3.2,,,h,,,,,
216,,,3.4,,,,h,,,,
216,,,3.6,,,,,h,,,
216,,,3.8,,h,,,,,,
216,,,4,,,h,,,,,
216,,,4.33,,,,h,,,,
216,,,4.66,,,,,h,,,
217,,6,1,,h,,,,,,
217,,,2,,,h,,,,,
217,,,3,,h,,,,,,
217,,,4,,,h,,,,,
217,,,5,,h,,,,,,
217,,,6,,,h,,,,,
217,,,6.25,,,,h,,,,
217,,,6.5,,,,,h,,,
217,,,6.75,,h,,,,,,
218,,,1,,,h,,,,,
218,,,1.2,,,,h,,,,
218,,,1.4,,,,,h,,,
218,,,1.6,,h,,,,,,
218,,,1.8,,,h,,,,,
218,,,2,,,,h,,,,
218,,,2.2,,,,,h,,,
218,,,2.4,,h,,,,,,
218,,,2.6,,,h,,,,,
218,,,2.8,,,,h,,,,
218,,,3,,,,,h,,,
218,,,4,,h,,,,,,
218,,,4.25,,,h,,,,,
218,,,4.5,,,,h,,,,
218,,,5,,,,,h,,,
218,,,5.25,,h,,,,,,
218,,,5.5,,,h,,,,,
218,,,6,,,,h,,,,
219,,5,1,,,,,h,,,
219,,,1.2,,h,,,,,,
219,,,1.4,,,h,,,,,
219,,,1.6,,,,h,,,,
219,,,1.8,,,,,h,,,
219,,,2,,h,,,,,,
219,,,3,,,h,,,,,
219,,,3.2,,,,h,,,,
219,,,3.4,,,,,h,,,
219,,,3.6,,h,,,,,,
219,,,3.8,,,h,,,,,
219,,,4,,,,h,,,,
219,,,5.5,,,,,h,,,
219,,,5.75,,h,,,,,,
220,,6,1,,,h,,,,,
220,,,3,,,,h,,,,
220,,,3.25,,,,,h,,,
220,,,4,,h,,,,,,
220,,,4.25,,,h,,,,,
220,,,5,,,,h,,,,
221,,4,1,,,,,h,,,
221,,,1.33,,h,,,,,,
221,,,1.66,,,h,,,,,
221,,,2,,,,h,,,,
221,,,2.25,,,,,h,,,
221,,,2.5,,h,,,,,,
221,,,2.75,,,h,,,,,
221,,,3,,,,h,,,,
221,,,3.2,,,,,h,,,
221,,,3.4,,h,,,,,,
221,,,3.6,,,h,,,,,
221,,,3.8,,,,h,,,,
221,,,4,,,,,h,,,
221,,,4.2,,h,,,,,,
221,,,4.4,,,h,,,,,
221,,,4.6,,,,h,,,,
221,,,4.8,,,,,h,,,
222,,,1,,h,,,,,,
222,,,2,,,h,,,,,
222,,,2.2,,,,h,,,,
222,,,2.4,,,,,h,,,
222,,,2.6,,h,,,,,,
222,,,2.8,,,h,,,,,
222,,,3,,,,h,,,,
222,,,3.2,,,,,h,,,
222,,,3.4,,h,,,,,,
222,,,3.6,,,h,,,,,
222,,,3.8,,,,h,,,,
222,,,4,,,,,h,,,
222,,,4.25,,h,,,,,,
223,,,1,,,h,,,,,
223,,,1.25,,,,h,,,,
223,,,2,,,,,h,,,
223,,,2.25,,h,,,,,,
223,,,3,,,h,,,,,
223,,,3.2,,h,,,,,,
223,,,3.4,,,,,h,,,
223,,,3.6,,,,h,,,,
223,,,3.8,,,h,,,,,
223,,,4,,h,,,,,,
224,,,1,,,h,,,,,
224,,,1.25,,,,h,,,,
224,,,2,,,,,h,,,
224,,,2.25,,h,,,,,,
224,,,3,,,h,,,,,
224,,,3.2,,h,,,,,,
224,,,3.4,,,,,h,,,
224,,,3.6,,,,h,,,,
224,,,3.8,,,h,,,,,
224,,,4,,h,,,,,,
225,,6,1,,,h,,,,,
225,,,1.2,,,,h,,,,
225,,,1.4,,,,,h,,,
225,,,1.6,,h,,,,,,
225,,,1.8,,,h,,,,,
225,,,2,,,,h,,,,
225,,,2.2,,,,,h,,,
225,,,2.4,,h,,,,,,
225,,,2.6,,,h,,,,,
225,,,2.8,,,,h,,,,
225,,,3,,,,,h,,,
225,,,3.2,,h,,,,,,
225,,,3.4,,,h,,,,,
225,,,3.6,,,,h,,,,
225,,,3.8,,,,,h,,,
225,,,5,,,,h,,,,
226,,5,1,,,,,h,,,
226,,,1.2,,h,,,,,,
226,,,1.4,,,h,,,,,
226,,,1.6,,,,h,,,,
226,,,1.8,,,,,h,,,
226,,,2,,h,,,,,,
226,,,2.2,,,h,,,,,
226,,,2.4,,,,h,,,,
226,,,2.6,,,,,h,,,
226,,,2.8,,h,,,,,,
226,,,3,,,h,,,,,
226,,,3.2,,,,h,,,,
226,,,3.4,,,,,h,,,
226,,,3.6,,h,,,,,,
226,,,3.8,,,h,,,,,
226,,,4,,,,h,,,,
226,,,5,,,,h,,,,
226,,,5.2,,,h,,,,,
226,,,5.4,,h,,,,,,
226,,,5.6,,,,,h,,,
226,,,5.8,,,,h,,,,
227,,,1,,,h,,,,,
227,,,1.2,,h,,,,,,
227,,,1.4,,,,,h,,,
227,,,1.6,,,,h,,,,
227,,,1.8,,,h,,,,,
227,,,2,,h,,,,,,
227,,,2.2,,,,,h,,,
227,,,2.4,,,,h,,,,
227,,,2.6,,,h,,,,,
227,,,2.8,,h,,,,,,
227,,,3,,,,,h,,,
227,,,3.2,,,,h,,,,
227,,,3.4,,,h,,,,,
227,,,3.6,,h,,,,,,
227,,,3.8,,,,,h,,,
227,,,4,,,,h,,,,
228,,6,1,,,,,,,,
229,,,1,,,,,h,,,
229,,,1.2,,h,,,,,,
229,,,1.4,,,h,,,,,
229,,,1.6,,,,h,,,,
229,,,1.8,,,,,h,,,
229,,,3,,h,,,,,,
229,,,3.2,,,h,,,,,
229,,,3.4,,,,h,,,,
229,,,3.6,,,,,h,,,
229,,,3.8,,h,,,,,,
229,,,5,,,h,,,,,
229,,,5.2,,,,h,,,,
229,,,5.4,,,,,h,,,
229,,,5.6,,h,,,,,,
229,,,5.8,,,h,,,,,
230,,3,1,,,,h,,,,
230,,,1.2,,,,,h,,,
230,,,1.4,,h,,,,,,
230,,,1.6,,,h,,,,,
230,,,1.8,,,,h,,,,
231,,5,1,,,,,,,,
232,,8,1,,,,,h,,,
232,,,1.25,,h,,,,,,
232,,,1.5,,,h,,,,,
232,,,1.75,,,,h,,,,
232,,,3,,h,,,,,,
232,,,3.25,,,,,h,,,
232,,,3.5,,,,h,,,,
232,,,3.75,,,h,,,,,
232,,,5,,,h,,,,,
232,,,5.2,,,,h,,,,
232,,,5.4,,,,,h,,,
232,,,5.6,,h,,,,,,
232,,,5.8,,,h,,,,,
232,,,7,,h,,,,,,
232,,,7.25,,,,,h,,,
232,,,7.5,,,,h,,,,
232,,,7.75,,,h,,,,,
233,,3,1,,h,,,,,,
233,,,1.2,,,h,,,,,
233,,,1.4,,,,h,,,,
233,,,1.6,,,,,h,,,
233,,,1.8,,h,,,,,,
234,,4,1,,,,,h,,,
234,,,1.2,,h,,,,,,
234,,,1.4,,,h,,,,,
234,,,1.6,,,,h,,,,
234,,,1.8,,,,,h,,,
235,,6,1,,h,,,,,,
235,,,1.25,,,h,,,,,
235,,,1.5,,,,h,,,,
235,,,1.75,,,,,h,,,
235,,,3,,,,,h,,,
235,,,3.2,,,,h,,,,
235,,,3.4,,,h,,,,,
235,,,3.6,,h,,,,,,
235,,,3.8,,,,,h,,,
236,,4,1,,h,,,,,,
236,,,1.25,,,h,,,,,
236,,,1.5,,,,h,,,,
236,,,1.75,,,,,h,,,
236,,,2,,h,,,,,,
236,,,2.25,,,h,,,,,
236,,,2.5,,,,h,,,,
236,,,2.75,,,,,h,,,
236,,,3,,h,,,,,,
236,,,3.25,,,h,,,,,
236,,,3.5,,,,h,,,,
236,,,3.75,,,,,h,,,
236,,,4,,h,,,,,,
236,,,4.25,,,h,,,,,
236,,,4.5,,,,h,,,,
236,,,4.75,,,,,h,,,
237,,5,1,,h,,,,,,
237,,,1.25,,,h,,,,,
237,,,1.5,,,,h,,,,
237,,,1.75,,,,,h,,,
238,,4,1,,,,,h,,,
238,,,1.2,,,,h,,,,
238,,,1.4,,,h,,,,,
238,,,1.6,,h,,,,,,
238,,,1.8,,,,,h,,,
239,,3,1,,,,,,,,
240,,,1,,h,,,,,,
240,,,1.2,,,h,,,,,
240,,,1.4,,,,h,,,,
240,,,1.6,,,,,h,,,
240,,,1.8,,h,,,,,,
240,,,2,,,h,,,,,
240,,,2.2,,,,h,,,,
240,,,2.4,,,,,T 1 l 72 4.6,,,
240,,,2.6,,h,,,,,,
240,,,2.8,,,h,,,,,
241,,6,1,,,,,,,,
241,,,4,,,,,T 1 r 72 5,,,
242,,4,1,,h,,,,,,
242,,,1.25,,,h,,,,,
242,,,1.5,,,,h,,,,
242,,,2,,h,,,,,,
242,,,2.25,,,h,,,,,
242,,,2.5,,,,h,,,,
242,,,3,,T 1 l 72 5,,,T 1 l 72 5,,,
242,,,3.25,,,h,,,,,
242,,,3.5,,,,h,,,,
243,,3,1,,,,,,,,
244,,5,1,,T 1 r 72 6,,h,T 1 r 72 6,,,
244,,,1.25,,,h,,,,,
244,,,2,,,,h,,,,
244,,,2.25,,,h,,,,,
245,,4,1,,,h,,,,,
245,,,1.25,,,,h,,,,
245,,,2,,T 1 l 72 6,T 1 l 72 6,,T 1 l 72 6,,,
245,,,2.25,,,,h,,,,
245,,,4,,,,h,,,,
246,,,1,,,,h,,,,
246,,,4,,T 1 r 72 4,T 1 r 72 4,h,T 1 r 72 4,,,
247,,,1,,,,h,,,,
248,,,1,-10,T 1 l 72 4,T 1 l 72 4,T 1 l 72 4,T 1 l 72 4,,,
249,,5,1,,T 1 r 72 5,T 1 r 72 5,T 1 r 72 5,T 1 r 72 5,,,
250,,4,1,,T 1 l 72 4,T 1 l 72 4,T 1 l 72 4,T 1 l 72 4,,,
251,,,1,,T 1 r 72 4,T 1 r 72 4,T 1 r 72 4,T 1 r 72 4,,,
252,,,1,,T 1 l 72 4,T 1 l 72 4,T 1 l 72 4,T 1 l 72 4,,,
253,,3,1,,T 1 r 72 3,T 1 r 72 3,T 1 r 72 3,T 1 r 72 3,,,
254,,,1,,T 1 l 72 3,T 1 l 72 3,T 1 l 72 3,T 1 l 72 3,,,
255,,,1,,T 1 r 72 3,T 1 r 72 3,T 1 r 72 3,T 1 r 72 3,,,
256,,,1,,T 1 l 72 3,T 1 l 72 3,T 1 l 72 3,T 1 l 72 3,,,
257,,5,1,,T 1 r 72 2,T 1 r 72 2,T 1 r 72 2,T 1 r 72 2,,,
257,,,3,,T 1 l 72 3,T 1 l 72 3,T 1 l 72 3,T 1 l 72 3,,,
258,,,1,,T 1 r 72 2,T 1 r 72 2,T 1 r 72 2,T 1 r 72 2,,,
258,,,3,,T 1 l 72 3,T 1 l 72 3,T 1 l 72 3,T 1 l 72 3,,,
259,,4,1,,T 1 r 72 2,T 1 r 72 2,T 1 r 72 2,T 1 r 72 2,,,
259,,,3,12,T 1 l 72 2,T 1 l 72 2,T 1 l 72 2,T 1 l 72 2,,,
260,,,1,,T 1 r 72 2,T 1 r 72 2,T 1 r 72 2,T 1 r 72 2,,,
260,,,3,,T 1 l 72 2,T 1 l 72 2,T 1 l 72 2,T 1 l 72 2,,,
261,,,1,,T 1 r 72 2,T 1 r 72 2,T 1 r 72 2,T 1 r 72 2,,,
261,,,3,,T 1 l 72 2,T 1 l 72 2,T 1 l 72 2,T 1 l 72 2,,,
262,,3,1,,T 1 l 72 2,T 1 l 72 2,T 1 l 72 2,T 1 l 72 2,,,
262,,,3,,T 1 r 72 1,T 1 r 72 1,T 1 r 72 1,T 1 r 72 1,,,
263,56,4,1,,T 1 l 72 2,T 1 l 72 2,T 1 l 72 2,d l 48 20 n,in crotchets,,
263,,,3,,T 1 r 72 2,T 1 r 72 2,T 1 r 72 2,,,,
264,,,1,,T 1 l 72 2,T 1 l 72 2,d l 50 16 n,,,,
264,,,3,,T 1 r 72 2,T 1 r 72 2,,,,,
265,,,1,,T 1 l 72 3,d l 51.5 12 n,,,,,
265,,,4,,T 1 r 72 1,,,,,,
266,,,1,-60,u l 55,,,,,,
267,,,1,,u r 57,,,,,,
267,,,4,,u l 59,,,,,,
268,,,1,,,,,,,,
268,,,3,,u r 58.5,,,,,,
269,,3,1,,u l 57,,,,,,
269,,,3,,u r 56.5,,,,,,
270,,4,1,,u l 55,,,,,,
270,,,2,,s,d r 51.5 3 n,d r 50 3 n,d r 48 3 n,,,
270,,,4.5,,u r 57,,,,,,
271,74,,1,,,,,,,,
271,,,2,,u l 56.5,,,,,,
271,,,3,,u r 58.5,,,,,,
271,,,4,,u l 59,,,,,,
272,,,1,,u r 57,,,,,,
272,,,2,,u l 58.5,,,,,,
272,,,3,,u r 56.5,,,,,,
272,,,4,,u l 59.5,,,,,,
273,296,5,1,,u r 59,,,,,,
274,56,4,1,,u l 55,,,,,,
274,,,2,,s,d r 51.5 3 n,d r 50 3 n,d r 48 3 n,,,
274,,,4.5,,u r 57,,,,,,
275,74,,1,,,,,,,,
275,,,2,,u l 59.5,,,,,,
275,,,3,,u r 59,,,,,,
275,,,4,,u l 56,,,,,,
276,,,1,,u r 59,,,,,,
276,,,2,,u l 56.5,,,,,,
276,,,3,,u r 58.5,,,,,,
276,,,4,,u l 56,,,,,,
277,,,1,,u r 58,,,,,,
277,,,2,,u l 57.5,,,,,,
277,,,3,,u r 57,,,,,,
277,,,4,,u l 59,,,,,,
278,296,5,1,,u r 58.5,,,,,,
279,56,4,1,,u l 55,,,,,,
279,,,2,,s,d r 51.5 3 n,d r 50 3 n,d r 48 3 n,,,
279,,,4.5,,u r 56.5,,,,,,
280,74,,1,,,,,,,,
280,,,2,,u l 53.5,,,,,,
280,,,3,,u r 57,,,,,,
280,,,4,,u l 54,,,,,,
281,,,1,,u r 59,,,,,,
281,,,2,,u l 58.5,,,,,,
281,,,3,,u r 59,,,,,,
281,,,4,,u l 56,,,,,,
282,,,1,,u r 59.5,,,,,,
282,,,2,,u l 59,,,,,,
282,,,3,,u r 59.5,,,,,,
282,,,4,,u l 57,,,,,,
283,,3,1,,u r 56.5,,,,,,
283,,,2,,u l 57.5,,,,,,
283,,,3,,u r 58.5,,,,,,
284,296,5,1,,u l 59.5,,,,,,
285,74,4,1,,u l 55,,,,,,
285,,,2,,s,d r 51.5 3 n,d r 50 3 n,d r 48 3 n,,,
285,,,4.5,,u r 56,,,,,,
286,68,,1,,,,,,,,
286,,,2,,u l 59,,,,,,
286,,,3,,u r 56.5,,,,,,
286,,,4,,u l 59.5,,,,,,
287,136,3,1,,u r 58.5,,,,check if it has enough time to find the sensor,,
288,56,4,1,,u r 55,,,,,,
288,,,3,,,d r 51.5 7 n,,,,,
289,,5,1,,,,d r 50 5 n,,,,
289,,,3,,,,,d r 48 3 n,,,
290,,8,1,,q r 55-57-65 8-2 n,q r 51.5-54-65 8-2.33 n,q r 50-52-65 8-2.66 n,q r 48-50-65 8-3 n,,,
291,,2,1,12,,,,,,,
292,,4,1,,,,,,,,
292,,,1.33,,,,,,,,
292,,,1.66,,g l 53-65 0.66 n,,,,,,
292,,,2,,,g l 53-65 0.66 n,,,,,
292,,,2.33,,,,g l 53-65 0.66 n,,,,
292,,,2.66,,,,,g l 53-65 0.66 n,,,
292,,,3,,g l 53-65 0.66 n,,,,,,
292,,,3.33,,,g l 53-65 0.66 n,,,,,
292,,,3.66,,,,g l 54-66 0.66 n,,,,
292,,,4,,,,,g l 55-67 0.66 n,,,
292,,,4.33,,g l 56-68 0.66 n,,,,,,
292,,,4.66,,,g l 57-69 0.66 n,,,,,
293,,,1,,,,g l 58-70 0.66 n,,,,
293,,,1.33,,,,,g l 59-71 0.66 n,,,
293,,,1.66,,g l 59-71 0.66 n,,,,,,
293,,,2,,,g l 59-71 0.66 n,,,,,
293,,,2.33,,,,g l 59-71 0.66 n,,,,
293,,,2.66,,,,,g l 59-71 0.66 n,,,
293,,,3,,g l 59-71 0.66 c,,,,,,
293,,,3.33,,,g l 59-71 0.66 n,,,,,
293,,,3.66,,,,g l 59-71 0.66 n,,,,
293,,,4,,,,,,,,
293,,,4.33,,,,,q r 60-72-71 0.66-0.66 n,,,
293,,,4.66,,,,,,,,
294,,2,1,,h,q r 60-72-71 0.66-0.66 n,,,D,,
294,,,1.33,,,,,,,,
294,,,1.66,,h,,q r 60-72-71 0.66-0.66 n,,,,
294,,,2,,,,,,,,
294,,,2.33,,h,,,q r 60-72-71 0.66-0.66 n,,,
294,,,2.66,,,,,,,,
295,,,1,,h,q r 60-72-71 0.66-0.66 n,,,,,
295,,,1.33,,,,,,,,
295,,,1.66,,h,,q r 60-72-69 0.66-1.25 c,,,,
295,,,2,,,,,,,,
295,,,2.33,,h,,,q r 57-69-67 1.33-0.66 c,,,
295,,,2.66,,,,,,,,
296,,,1,,,q r 59-71-69 1.33-0.66 c,,,,,
296,,,1.33,,,,,,,,
296,,,1.66,,h,,,,,,
296,,,2,,,,,,,,
296,,,2.33,,q r 57-69-68 0.66-0.66 c,,h,,,,
296,,,2.66,,,,,,,,
297,,,1,,,,,h,,,
297,,,1.33,,,,q r 59-71-69 0.66-0.66 n,,,,
297,,,1.66,,,h,,q r 57-69-68 0.66-0.66 n,,,
297,,,2,,,,,,,,
297,,,2.33,,h,q r 60-72-71 0.66-0.66 n,,,Check if it works,,
297,,,2.66,,,,,,,,
298,,,1,,h,,,,,,
298,,,1.33,,,,,,,,
298,,,1.5,,,,g r 71-69 0.83 c,,,,
298,,,1.66,,,,,q r 56.5-68.5-68 0.66-0.66 c,,,
298,,,2,,,,,,,,
298,,,2.33,,h,q r 59-71-69 0.66-0.66 c,,,,,
298,,,2.66,,,,,,,,
299,,,1,,q r 57-69-68 0.66-0.66 c,,h,,,,
299,,,1.33,,,,,,,,
299,,,1.66,,,,q r 59-71-69 0.66-0.66 c,h,,,
299,,,2,,,,,,,,
299,,,2.33,,,h,,q r 56.5-68.5-67 0.66-0.66 c,,,
299,,,2.66,,,,,,,,
300,,,1,,h,q r 59-71-69 0.66-0.64 n,,,,,
300,,,1.33,,,,,,,,
300,,,1.66,,g r 57-69 0.66 c,,h,,,,
300,,,2,,,,,,,,
300,,,2.33,,,q r 69-72-71 0.66-0.66 n,,h,,,
300,,,2.66,,,,q r 60-72-71 0.66-0.66 n,,,,
301,,,1,,h,,,q r 60-72-71 0.66-0.66 n,,,
301,,,1.33,,,,,,,,
301,,,1.66,,,,,,,,
301,,,2,,,g r 72-71 0.66 n,,,,,
301,,,2.33,,h,,g r 72-68.5 1.66 c,,,,
301,,,2.66,,,,,,,,
302,,,1,,,,,q r 56.5-68.5-68 0.66-0.66 c,,,
302,,,1.33,,,,,,,,
302,,,1.66,,h,q r 59-71-69 0.66-0.66 c,,,,,
302,,,2,,,,,,,,
302,,,2.33,,q r 57-69-68 0.66-0.66 c,,h,,,,
302,,,2.66,,,,,,,,
303,,,1,,,,q r 59-71-69 0.66-0.66 c,h,,,
303,,,1.33,,,,,,,,
303,,,1.66,,,h,,q r 56.5-68.5-68 0.66-0.66 n,,,
303,,,2,,,,,,,,
303,,,2.33,,h,g r 59-71 0.66 c,,,,,
303,,,2.66,,,,,,,,
304,,,1,,g r 70.5-70 0.66 n,,h,,,,
304,,,1.33,,,,,,,,
304,,,1.66,,,h,,g r 71.5-70.5 0.33 n,,,
304,,,2,,,,,,,,
304,,,2.33,,g r 71-70 0.66 n,,h,,,,
304,,,2.66,,,,,,,,
305,,,1,,,h,,g r 71.5-70.5 0.66 n,,,
305,,,1.33,,,,,,,,
305,,,1.66,,g r 71-70 0.66 n,,h,,,,
305,,,2,,,,,,,,
305,,,2.33,,,h,,g r 70.5-70.5 0.66 n,,,
305,,,2.66,,,,,,,,
306,112,5,1,,g r 70.5-58.5 1 n,,,,,,
306,,,1.5,,,g r 70-58 1 n,,,,,
306,,,2,,,,g r 69.5-57.5 1 n,,,,
306,,,2.5,,,,,g r 69-57 1 n,,,
306,,,3,,g r 70.5-58.5 1 n,,,,,,
306,,,3.5,,,g r 70-58 1 c,,,,,
306,,,4,,,,q r 69.5-57.5-71.5 1-1 c,,,,
306,,,4.5,,,,,q r 69-57-57 1-0.5 n,,,
306,,,5,,,,,,,,
306,,,5.5,,,,,,,,
307,56,2,1,,g r 71-70.5 0.66 n,h,,q r 59-71-70 0.66-0.66 n,,,
307,,,1.33,,,,,,,,
307,,,1.66,,,,h,,,,
307,,,2,,,,,,,,
307,,,2.33,,q r 71-70-58 0.66-0.5 n,h,,,,,
307,,,2.66,,,,,,,,
308,112,5,1,,,,,,,,
308,,,1.5,,,g r 69.5-57.5 1 n,,,,,
308,,,2,,,,g r 69-57 1 n,,,,
308,,,2.5,,,,,g r 66.55-56.5 1 n,,,
308,,,3,,g r 70.5-58.5 1 n,,,,,,
308,,,3.5,,,g r 67-55 1 c,,,,,
308,,,4,,,,q r 67-55-67 1-1 c,,,,
308,,,4.5,,,,,g r 67.5-55.5 1 n,,,
308,,,5,,,,,,,,
308,,,5.5,,,,,,,,
309,149.2,5,1,,g r 71.5-70 2 n,h,,,,,
309,,,1.5,,,,,,,,
309,,,2,,,,,,,,
309,,,2.5,,,,,,,,
309,,,3,,,,h,g r 71-70 2 n,,,
309,,,3.5,,,,,,,,
309,,,4,,,g l 52-64 2 n,,,,,
309,,,4.5,,,,,,,,
309,,,5,,g l 53-65 1.66 n,,,,,,
309,,,5.5,,,,,,,,
310,224,5,1,-60,,,,g l 55-67 2 n,E,,
310,,,2,,,,g l 57-69 2 n,,,,
310,,,3,,,g l 58.5-70.5 2 n,,,,,
310,,,4,,q l 59-71-70 2-3 n,,,,,,
310,,,5,,,,,,,,
311,149.2,4,1,,,,,q l 59.5-71.5-68 2-1.5 n,,,
311,,,2,,,,g l 52-64 3 n,,,,
311,,,3,,,g l 53-65 3.33 n,,,,,
311,,,4,,,,,,,,
312,224,5,1,,g l 55-67 2 n,,,,,,
312,,,2,,,,,g l 57-69 2 n,,,
312,,,3,,,,g l 58.5-70.5 2 n,,,,
312,,,4,,,g l 56.5-58.5 2 n,,,,,
312,,,5,,g l 57-69 2 n,,,,,,
313,,,1,,,,,g l 54.5-66.5 2 n,,,
313,,,2,,,,g l 57.5-59.5 2 n,,,,
313,,,3,,,g l 58-70 2 n,,,,,
313,,,4,,q l 59-71-71 2-1.66 n,,,,,,
313,,,5,,,,,,,,
314,112,3,1,,,,,,,,
314,,,1.66,,,d l 67 1.33 n,,,,,
314,,,2.33,,,,d l 67 1.33 n,,,,
314,,,3,,,,,g l 52-64 1 n,,,
314,,,3.5,,g l 53-65 1 n,,,,,,
315,224,5,1,,,g l 52-64 2 n,,,,,
315,,,2,,,,g l 57-69 2 n,,,,
315,,,3,,,,,g l 58.5-70.5 2 n,,,
315,,,4,,g l 52-58.5 2 n,,,,,,
315,,,5,,,g l 58.5-70.5 2 n,,,,,
316,,,1,,,,g l 54-66 2 n,,,,
316,,,2,,,,,g l 58.5-70.5 2 n,,,
316,,,3,,g l 54.5-66.5 2 n,,,,,,
316,,,4,,,g l 58.5-70.5 2 n,,,,,
316,,,5,,,,g l 57.5-59.5 3 n,,,,
317,,3,1,,,,,g l 58-70 2 n,,,
317,,,2,,,,,,,,
317,,,3,,q l 59-71-71 1-2 n,,,,,,
318,,4,1,,,,,,,,
318,,,2,,,q l 55-67-67 1-2 n,,,,,
318,,,3,,,,g l 52-64 2 n,,,,
318,,,4,,,,,g l 53-65 2 n,,,
319,,6,1,,g l 55-67 2 n,,,,,,
319,,,2,,,g l 52-64 2 n,,,,,
319,,,3,,,,g l 58.5-70.5 2 n,,,,
319,,,4,,,,,g l 57.5-69.5 2 n,,,
319,,,5,,q l 59-71-71 2-2 n,,,,,,
319,,,6,,,,,,,,
320,,4,1,,,,,,,,
320,,,3,,,d l 67 3 n,q l 58.5-70.5-58.5 2-2 n,,,,
321,,6,1,,,,,,,,
321,,,2,,,,,g l 70-58 2 n,,,
321,,,3,,g l 70.5-58.5 2 n,,,,,,
321,,,4,,,g l 67.5-55.5 2 n,,,,,
321,,,5,,,,g l 66.5-54.5 2 n,,,,
321,,,6,,,,,g l 67.5-55.5 2 n,,,
322,,5,1,,d l 69 4 n,,,,,,
322,,,2,,,,,,,,
322,,,3,,,d l 67 3 n,,,,,
322,,,4,,,,g l 55-64 2 n,,,,
322,,,5,,,,,g l 53-65 2 n,,,
323,,,1,,g l 55-67 2 n,,,,,,
323,,,2,,,g l 57-69-2 n,,,,,
323,,,3,,,,g l 58.5-70.5 2 n,,,,
323,,,4,,,,,g l 54-66 2 n,,,
323,,,5,,g l 51-63 2 n,,,,,,
324,,,1,,,g l 57-69 2 n,,,,,
324,,,2,,,,g l 56.5-68.5 2 n,,,,
324,,,3,,,,,g l 58-70 2 n,,,
324,,,4,,q l 59-71-71 2-2 n,,,,,,
324,,,5,,,,,,,,
325,,8,1,,,,,,,,
325,,,2,,,d l 67.5 2 n,,,,,
325,,,3,,,,d l 67 2 n,,,,
325,,,4,,,,,d l 67 2 n,,,
325,,,5,,d l 70.5 2 n,,,,,,
325,,,6,,,d l 67 2 n,,,,,
325,,,7,,,,d l 67.5 2 n,,,,
325,,,8,,,,,d l 66 3 n,,,
326,,4,1,,d l 71 2 n,,,,,,
326,,,2,,,,,,,,
326,,,3,,,d l 67 2 n,g l 52-64 2 n,,,,
326,,,4,,,,,g l 53-65 2 n,,,
327,,5,1,,g l 55-67 2 n,,,,,,
327,,,2,,,g l 55-69 2 n,,,,,
327,,,3,,,,g l 58.5-70.5 2 n,,,,
327,,,4,,,,,g l 54-66 2 n,,,
327,,,5,,g l 51-63 2 n,,,,,,
328,,,1,,,g l 57-69 2 n,,,,,
328,,,2,,,,g l 56.5-68.5 2 n,,,,
328,,,3,,,,,g l 58-70 2 n,,,
328,,,4,,q l 59-71-70 2-2 n,,,,,,
328,,,5,,,,,,,,
329,,4,1,,,,,,,,
329,,,2,,,g l 58.5-57.5 2 n,,,,,
329,,,3,,,,g l 70-69 2 n,,,,
329,,,4,,,,,g l 70.5-58.5 2 n,,,
330,,,1,,d l 71 2 n,,,,,,
330,,,2,,,,,,,,
330,,,3,,,d l 67 3 n,,,,,
330,,,4,,,,,,,,
331,,6,1,,,,g l 70.5-69.5 2 n,,,,
331,,,2,,,,,g l 70-69 2 n,,,
331,,,3,,g l 71-70.5 2 n,,,,,,
331,,,4,,,g l 69-68 2 n,,,,,
331,,,5,,,,g l 68.5-67.5 2 n,,,,
331,,,6,,,,,g l 68-56 2 n,,,
332,,8,1,,d l 71 2 n,,,,,,
332,,,2,,,d l 67 2 n,,,,,
332,,,3,,,,d l 67 2 n,,,,
332,,,4,,,,,d l 67 2 n,,,
332,,,5,,d l 70.5 2 n,,,,,,
332,,,6,,,d l 69 2 n,,,,,
332,,,7,,,,d l 67.5 2 n,,,,
332,,,8,,,,,q l 66-53-65 2-2 n,,,
333,,2,1,,q l 64-55-67 2-2 n,,,,,,
333,,,2,,,q l 63-52.5-64.5 2-2 n,,,,,
334,,5,1,12,,,,,,,
334,,,2,,,,,,,,
334,,,3,,,,g l 66.5-54.5 2 n,,,,
334,,,4,,,,,g l 55.5-67.5 2 n,,,
334,,,5,,g l 53-65 2 n,,,,,,
335,,,1,,,g l 57.5-69.5 2 n,,,,,
335,,,2,,,,g l 53.5-65.5 2 n,,,,
335,,,3,,,,,g l 57-69 2 n,,,
335,,,4,,g l 55-67 2 n,,,,,,
335,,,5,,,g l 57-69 2 n,,,,,
336,,4,1,,,,g l 59-71 2 n,,,,
336,,,2,,,,,g l 59.5-71.5 2 n,,,
336,,,3,,g l 59.5-71.5 2 c,,,,,,
336,,,4,,,g l 59.5-71.5 2 c,,,,,
337,,,1,,,,g l 59.5-71.5 2 c,,,,
337,,,2,,,,,g l 59.5-71.5 2 c,,,
337,,,3,,,,,,,,
337,,,4,,,,,,,,
338,90,10,1,,h,,,,F,,
338,,,2,,,h,,,,,
338,,,3,,h,,,,,,
338,,,4,,,h,,,,,
338,,,5,,h,,,,,,
338,,,6,,,h,,,,,
338,,,7,,h,,,,,,
338,,,8,,,h,,,,,
338,,,9,,h,,,,,,
338,,,10,,,h,,,,,
339,,4,1,,h,,,,,,
339,,,1.2,,,h,,,,,
339,,,1.4,,,,h,,,,
339,,,1.6,,,,,h,,,
339,,,1.8,,h,,,,,,
339,,,2,,,h,,,,,
339,,,3,,h,,,,,,
339,,,3.33,,,,,h,,,
339,,,3.66,,,,h,,,,
339,,,4,,,h,,,,,
339,,,4.2,,h,,,,,,
339,,,4.4,,,,,h,,,
339,,,4.6,,,,h,,,,
339,,,4.8,,,h,,,,,
340,,,1,,h,,,,,,
340,,,2,,,h,,,,,
340,,,3,,h,,,,,,
340,,,3.33,,,,,h,,,
340,,,3.66,,,,h,,,,
340,,,4,,,h,,,,,
340,,,4.25,,h,,,,,,
340,,,4.5,,,,,h,,,
340,,,4.75,,,,h,,,,
341,,2,1,,,h,,,,,
341,,,2,,h,,,,,,
341,,,2.25,,,h,,,,,
341,,,2.5,,,,h,,,,
341,,,2.75,,,,,h,,,
342,,4,1,,h,,,,,,
342,,,1.2,,,h,,,,,
342,,,1.4,,,,h,,,,
342,,,1.6,,,,,h,,,
342,,,1.8,,h,,,,,,
342,,,2,,,h,,,,,
342,,,2.25,,,,h,,,,
342,,,2.5,,,,,h,,,
342,,,2.75,,h,,,,,,
342,,,3,,,h,,,,,
342,,,4,,h,,,,,,
343,,,1,,,h,,,,,
343,,,1.2,,,,h,,,,
343,,,1.4,,,,,h,,,
343,,,1.6,,h,,,,,,
343,,,1.8,,,h,,,,,
343,,,2,,,,h,,,,
343,,,2.33,,,,,h,,,
343,,,2.66,,h,,,,,,
343,,,3,,,h,,,,,
343,,,4,,h,,,,,,
344,,,1,,,h,,,,,
344,,,1.2,,,,h,,,,
344,,,1.4,,,,,h,,,
344,,,1.6,,h,,,,,,
344,,,1.8,,,h,,,,,
344,,,2,,,,h,,,,
344,,,2.5,,h,,,,,,
344,,,3,,,,h,,,,
344,,,4,,,,,h,,,
345,,,1,,h,,,,,,
345,,,1.2,,,h,,,,,
345,,,1.4,,,,h,,,,
345,,,1.6,,,,,h,,,
345,,,1.8,,h,,,,,,
345,,,2,,,h,,,,,
345,,,2.2,,,,h,,,,
345,,,2.4,,,,,h,,,
345,,,2.6,,h,,,,,,
345,,,2.8,,,h,,,,,
345,,,3,,,,h,,,,
345,,,3.2,,,,,h,,,
345,,,3.4,,h,,,,,,
345,,,3.6,,,h,,,,,
345,,,3.8,,,,h,,,,
345,,,4,,,,,h,,,
345,,,4.25,,h,,,,,,
345,,,4.5,,,h,,,,,
345,,,4.75,,,,h,,,,
346,,,1,,,,,h,,,
346,,,1.33,,h,,,,,,
346,,,1.66,,,h,,,,,
346,,,2,,,,h,,,,
346,,,3,,,h,,,,,
346,,,4,,h,,,,,,
347,,,1,,h,,,,,,
347,,,1.2,,,h,,,,,
347,,,1.4,,,,h,,,,
347,,,1.6,,,,,h,,,
347,,,1.8,,h,,,,,,
347,,,2,,,h,,,,,
347,,,2.2,,,,h,,,,
347,,,2.4,,,,,h,,,
347,,,2.6,,h,,,,,,
347,,,2.8,,,h,,,,,
347,,,3,,,,h,,,,
347,,,4,,,,,h,,,
348,,3,1,,,,h,,,,
348,,,2,,,h,,,,,
348,,,3,,h,,,,,,
349,,4,1,,,,,h,,,
349,,,2,,,,h,,,,
349,,,3,,,h,,,,,
349,,,4,,h,,,,,,
350,,3,1,,,,,h,,,
350,,,1.25,,,,h,,,,
350,,,1.5,,,h,,,,,
350,,,1.75,,h,,,,,,
350,,,2,,,,,h,,,
350,,,2.2,,,,h,,,,
350,,,2.4,,,h,,,,,
350,,,2.6,,h,,,,,,
350,,,2.8,,,,,h,,,
350,,,3,,,,h,,,,
350,,,3.2,,,h,,,,,
350,,,3.4,,h,,,,,,
350,,,3.6,,,,,h,,,
350,,,3.8,,,,h,,,,
351,,4,1,,,h,,,,,
351,,,1.25,,h,,,,,,
351,,,1.5,,,,,h,,,
351,,,1.75,,,,h,,,,
351,,,2,,,h,,,,,
351,,,3,,h,,,,,,
351,,,4,,,,,h,,,
352,,,1,,h,,,,,,
352,,,1.2,,,h,,,,,
352,,,1.4,,,,h,,,,
352,,,1.6,,,,,h,,,
352,,,1.8,,h,,,,,,
352,,,2,,,h,,,,,
352,,,2.2,,,,h,,,,
352,,,2.4,,,,,h,,,
352,,,2.6,,h,,,,,,
352,,,2.8,,,h,,,,,
352,,,3,,,,h,,,,
352,,,3.2,,,,,h,,,
352,,,3.4,,h,,,,,,
352,,,3.6,,,h,,,,,
352,,,3.8,,,,h,,,,
352,,,4,,,,,h,,,
353,,2,1,,,,h,,,,
353,,,2,,,h,,,,,
354,,3,1,,h,,,,,,
354,,,1.2,,,,,h,,,
354,,,1.4,,,,h,,,,
354,,,1.6,,,h,,,,,
354,,,1.8,,h,,,,,,
354,,,2,,,,,h,,,
354,,,2.25,,,,h,,,,
354,,,2.5,,,h,,,,,
354,,,2.75,,h,,,,,,
354,,,3,,,,,h,,,
354,,,3.33,,,,h,,,,
354,,,3.66,,,h,,,,,
355,,4,1,,h,,,,,,
355,,,2,,,h,,,,,
355,,,3,,,,h,,,,
355,,,4,,,,,h,,,
356,,6,1,,h,,,,,,
356,,,1.25,,,h,,,,,
356,,,1.5,,,,h,,,,
356,,,1.75,,,,,h,,,
356,,,2,,h,,,,,,
356,,,2.25,,,h,,,,,
356,,,2.5,,,,h,,,,
356,,,2.75,,,,,h,,,
356,,,3,,h,,,,,,
356,,,4,,,h,,,,,
356,,,5,,,,h,,,,
356,,,6,,,,,h,,,
357,,3,1,,h,,,,,,
357,,,1.2,,,h,,,,,
357,,,1.4,,,,h,,,,
357,,,1.6,,,,,h,,,
357,,,1.8,,h,,,,,,
357,,,2,,,h,,,,,
357,,,2.25,,,,h,,,,
357,,,2.5,,,,,h,,,
357,,,2.75,,h,,,,,,
357,,,3,,,h,,,,,
357,,,3.5,,,,h,,,,
358,,2,1,,,,,h,,,
358,,,1.2,,h,,,,,,
358,,,1.4,,,h,,,,,
358,,,1.6,,,,h,,,,
358,,,1.8,,,,,h,,,
358,,,2,,h,,,,,,
358,,,2.25,,,h,,,,,
358,,,2.5,,,,h,,,,
358,,,2.75,,,,,h,,,
359,,,1,,h,,,,,,
359,,,2,,,h,,,,,
359,,,2.5,,,,h,,,,
360,,3,1,,,,,h,,,
360,,,1.5,,,,h,,,,
360,,,2,,,h,,,,,
360,,,2.5,,,,,h,,,
360,,,3,,,,h,,,,
360,,,3.5,,,h,,,,,
361,,4,1,,h,,,,,,
361,,,1.25,,,,,h,,,
361,,,1.5,,,,h,,,,
361,,,1.75,,,h,,,,,
361,,,2,,h,,,,,,
361,,,2.2,,,,,h,,,
361,,,2.4,,,,h,,,,
361,,,2.6,,,h,,,,,
361,,,2.8,,h,,,,,,
361,,,3,,,,,h,,,
361,,,3.25,,,,h,,,,
361,,,3.5,,,h,,,,,
361,,,3.75,,h,,,,,,
361,,,4,,,,,h,,,
361,,,4.2,,,,h,,,,
361,,,4.4,,,h,,,,,
361,,,4.6,,h,,,,,,
361,,,4.8,,,,,h,,,
362,,3,1,,,,h,,,,
362,,,2,,,h,,,,,
362,,,2.25,,h,,,,,,
362,,,2.5,,,,,h,,,
362,,,2.75,,,,h,,,,
362,,,3,,,h,,,,,
362,,,3.2,,h,,,,,,
362,,,3.4,,,,,h,,,
362,,,3.6,,,,h,,,,
362,,,3.8,,,h,,,,,
363,,4,1,,h,,,,,,
363,,,2,,,,,h,,,
363,,,3,,h,,,,,,
363,,,3.25,,,h,,,,,
363,,,3.5,,,,h,,,,
363,,,3.75,,,,,h,,,
363,,,4,,h,,,,,,
363,,,4.25,,,h,,,,,
363,,,4.5,,,,h,,,,
363,,,4.75,,,,,h,,,
364,,,1,,h,,,,,,
364,,,2,,,h,,,,,
364,,,2.2,,,,h,,,,
364,,,2.4,,,,,h,,,
364,,,2.6,,h,,,,,,
364,,,2.8,,,h,,,,,
364,,,3,,,,h,,,,
364,,,3.25,,,,,h,,,
364,,,3.5,,h,,,,,,
364,,,3.75,,,h,,,,,
364,,,4,,,,h,,,,
364,,,4.2,,,,,h,,,
364,,,4.4,,h,,,,,,
364,,,4.6,,,h,,,,,
364,,,4.8,,,,h,,,,
365,,,1,,,,,h,,,
365,,,2,,h,,,,,,
365,,,2.2,,,h,,,,,
365,,,2.4,,,,h,,,,
365,,,2.6,,,,,h,,,
365,,,2.8,,h,,,,,,
365,,,3,,,h,,,,,
365,,,3.25,,,,h,,,,
365,,,3.5,,,,,h,,,
365,,,3.75,,h,,,,,,
365,,,4,,,h,,,,,
365,,,4.2,,,,h,,,,
365,,,4.4,,,,,h,,,
365,,,4.6,,h,,,,,,
365,,,4.8,,,h,,,,,
366,,,1,,,,h,,,,
366,,,1.5,,,,,h,,,
366,,,2,,h,,,,,,
366,,,2.2,,,h,,,,,
366,,,2.4,,,,h,,,,
366,,,2.6,,,,,h,,,
366,,,2.8,,h,,,,,,
366,,,3,,,h,,,,,
366,,,3.25,,,,,,,,
366,,,3.5,,,,h,,,,
366,,,3.75,,,,,,,,
366,,,4,,,,,h,,,
366,,,4.25,,h,,,,,,
366,,,4.5,,,h,,,,,
366,,,4.75,,,,h,,,,
367,,,1,,,,,h,,,
367,,,2,,h,,,,,,
367,,,2.2,,,h,,,,,
367,,,2.4,,,,h,,,,
367,,,2.6,,,,,h,,,
367,,,2.8,,h,,,,,,
367,,,3,,,h,,,,,
367,,,3.25,,,,h,,,,
367,,,3.5,,,,,h,,,
367,,,3.75,,h,,,,,,
367,,,4,,,h,,,,,
367,,,4.2,,,,h,,,,
367,,,4.4,,,,,h,,,
367,,,4.6,,h,,,,,,
367,,,4.8,,,h,,,,,
368,,,1,,,,h,,,,
368,,,2,,,,,h,,,
368,,,2.2,,h,,,,,,
368,,,2.4,,,h,,,,,
368,,,2.6,,,,h,,,,
368,,,2.8,,,,,h,,,
368,,,3,,h,,,,,,
368,,,3.25,,,h,,,,,
368,,,3.5,,,,h,,,,
368,,,3.75,,,,,h,,,
368,,,4,,h,,,,,,
368,,,4.2,,,h,,,,,
368,,,4.4,,,,h,,,,
368,,,4.6,,,,,h,,,
368,,,4.8,,h,,,,,,
369,,,1,,,h,,,,,
369,,,1.5,,,,h,,,,
369,,,2,,,,,h,,,
369,,,2.2,,h,,,,,,
369,,,2.4,,,h,,,,,
369,,,2.6,,,,h,,,,
369,,,2.8,,,,,h,,,
369,,,3,,h,,,,,,
369,,,3.25,,,h,,,,,
369,,,3.5,,,,h,,,,
369,,,3.75,,,,,h,,,
369,,,4,,h,,,,,,
369,,,4.2,,,h,,,,,
369,,,4.4,,,,h,,,,
369,,,4.6,,,,,h,,,
369,,,4.8,,h,,,,,,
370,,,1,,,h,,,,,
370,,,1.5,,,,h,,,,
370,,,2,,,,,h,,,
370,,,2.2,,h,,,,,,
370,,,2.4,,,h,,,,,
370,,,2.6,,,,h,,,,
370,,,2.8,,,,,h,,,
370,,,3,,h,,,,,,
370,,,3.2,,,h,,,,,
370,,,3.4,,,,h,,,,
370,,,3.6,,,,,h,,,
370,,,3.8,,h,,,,,,
370,,,4,,,h,,,,,
370,,,4.2,,,,h,,,,
370,,,4.4,,,,,h,,,
370,,,4.6,,h,,,,,,
370,,,4.8,,,h,,,,,
371,,,1,,,,h,,,,
371,,,1.25,,,,,h,,,
371,,,1.5,,h,,,,,,
371,,,1.75,,,h,,,,,
371,,,2,,,,h,,,,
371,,,2.2,,,,,h,,,
371,,,2.4,,h,,,,,,
371,,,2.6,,,h,,,,,
371,,,2.8,,,,h,,,,
371,,,3,,,,,h,,,
371,,,3.25,,h,,,,,,
371,,,3.5,,,h,,,,,
371,,,3.75,,,,h,,,,
371,,,4,,,,,h,,,
371,,,4.2,,h,,,,,,
371,,,4.4,,,h,,,,,
371,,,4.6,,,,h,,,,
371,,,4.8,,,,,h,,,
372,,,1,,h,,,,,,
372,,,1.25,,,h,,,,,
372,,,1.5,,,,h,,,,
372,,,1.75,,,,,h,,,
372,,,2,,h,,,,,,
372,,,2.5,,,h,,,,,
372,,,3,,,,h,,,,
372,,,3.2,,,,,h,,,
372,,,3.4,,h,,,,,,
372,,,3.6,,,h,,,,,
372,,,3.8,,,,h,,,,
372,,,4,,,,,h,,,
372,,,4.33,,h,,,,,,
372,,,4.66,,,h,,,,,
373,,6,1,,,,h,,G,,
373,,,1.5,,,,,h,,,
373,,,2,,h,,,,,,
373,,,3,,,h,,,,,
373,,,4,,h,,,,,,
373,,,5,,,h,,,,,
373,,,6,,h,,,,,,
374,,2,1,,,h,,,,,
374,,,1.5,,,,h,,,,
374,,,2,,,,,h,,,
374,,,2.33,,h,,,,,,
374,,,2.66,,,h,,,,75.00%,100.00%
375,159,1,1,,,,h,,,159,212
375,,,1.25,,,,,h,,,
375,,,1.5,,h,,,,,,
375,,,1.75,,,h,,,,,
376,84,,1,,,,h,,,84,112
376,,,1.2,,,,,h,,,
376,,,1.4,,h,,,,,,
376,,,1.6,,,h,,,,,
376,,,1.8,,,,h,,,,
377,162,,1,,,,,h,,162,216
377,,,1.25,,h,,,,,,
377,,,1.5,,,h,,,,,
377,,,1.75,,,,h,,,,
378,84,,1,,,,,h,,84,112
378,,,1.2,,h,,,,,,
378,,,1.4,,,h,,,,,
378,,,1.6,,,,h,,,,
378,,,1.8,,,,,h,,,
379,165,,1,,h,,,,,165,220
379,,,1.25,,,h,,,,,
379,,,1.5,,,,h,,,,
379,,,1.75,,,,,h,,,
380,84,,1,,h,,,,,84,112
380,,,1.2,,,h,,,,,
380,,,1.4,,,,h,,,,
380,,,1.6,,,,,h,,,
380,,,1.8,,h,,,,,,
381,168,,1,,,h,,,,168,224
381,,,1.25,,,,h,,,,
381,,,1.5,,,,,h,,,
381,,,1.75,,h,,,,,,
382,84,,1,,,h,,,,84,112
382,,,1.2,,,,h,,,,
382,,,1.4,,,,,h,,,
382,,,1.6,,h,,,,,,
382,,,1.8,,,h,,,,,
383,171,,1,,,,h,,,171,228
383,,,1.25,,,,,h,,,
383,,,1.5,,h,,,,,,
383,,,1.75,,,h,,,,,
384,84,,1,,,,h,,,84,112
384,,,1.2,,,,,h,,,
384,,,1.4,,h,,,,,,
384,,,1.6,,,h,,,,,
384,,,1.8,,,,h,,,,
385,174,,1,,,,,h,,174,232
385,,,1.25,,h,,,,,,
385,,,1.5,,,h,,,,,
385,,,1.75,,,,h,,,,
386,84,,1,,,,,h,,84,112
386,,,1.2,,h,,,,,,
386,,,1.4,,,h,,,,,
386,,,1.6,,,,h,,,,
386,,,1.8,,,,,h,,,
387,177,,1,,h,,,,,177,236
387,,,1.25,,,h,,,,,
387,,,1.5,,,,h,,,,
387,,,1.75,,,,,h,,,
388,84,,1,,h,,,,,84,112
388,,,1.2,,,h,,,,,
388,,,1.4,,,,h,,,,
388,,,1.6,,,,,h,,,
388,,,1.8,,h,,,,,,
389,180,,1,,,h,,,,180,240
389,,,1.25,,,,h,,,,
389,,,1.5,,,,,h,,,
389,,,1.75,,h,,,,,,
390,84,,1,,,h,,,,84,112
390,,,1.2,,,,h,,,,
390,,,1.4,,,,,h,,,
390,,,1.6,,h,,,,,,
390,,,1.8,,,h,,,,,
391,183,,1,,,,h,,,183,244
391,,,1.25,,,,,h,,,
391,,,1.5,,h,,,,,,
391,,,1.75,,,h,,,,,
392,84,,1,,,,h,,,84,112
392,,,1.2,,,,,h,,,
392,,,1.4,,h,,,,,,
392,,,1.6,,,h,,,,,
392,,,1.8,,,,h,,,,
393,186,,1,,,,,h,,186,248
393,,,1.25,,h,,,,,,
393,,,1.5,,,h,,,,,
393,,,1.75,,,,h,,,,
394,84,,1,,,,,h,,84,112
394,,,1.2,,h,,,,,,
394,,,1.4,,,h,,,,,
394,,,1.6,,,,h,,,,
394,,,1.8,,,,,h,,,
395,,28,1,12,h,,,,7X,,
395,,,1.2,,,h,,,,,
395,,,1.4,,,,h,,,,
395,,,1.6,,,,,h,,,
395,,,1.8,,h,,,,,,
395,,,2,,,h,,,,,
395,,,2.2,,,,h,,,,
395,,,2.4,,,,,h,,,
395,,,2.6,,h,,,,,,
395,,,2.8,,,h,,,,,
395,,,3,,,,h,,,,
395,,,3.2,,,,,h,,,
395,,,3.4,,h,,,,,,
395,,,3.6,,,h,,,,,
395,,,3.8,,,,h,,,,
395,,,4,,,,,h,,,
395,,,4.2,,h,,,,,,
395,,,4.4,,,h,,,,,
395,,,4.6,,,,h,,,,
395,,,4.8,,,,,h,,,
395,,,5,,h,,,,,,
395,,,5.2,,,h,,,,,
395,,,5.4,,,,h,,,,
395,,,5.6,,,,,h,,,
395,,,5.8,,h,,,,,,
395,,,6,,,h,,,,,
395,,,6.2,,,,h,,,,
395,,,6.4,,,,,h,,,
395,,,6.6,,h,,,,,,
395,,,6.8,,,h,,,,,
395,,,7,,,,h,,,,
395,,,7.2,,,,,h,,,
395,,,7.4,,h,,,,,,
395,,,7.6,,,h,,,,,
395,,,7.8,,,,h,,,,
395,,,8,,,,,h,,,
395,,,8.2,,h,,,,,,
395,,,8.4,,,h,,,,,
395,,,8.6,,,,h,,,,
395,,,8.8,,,,,h,,,
395,,,9,,h,,,,,,
395,,,9.2,,,h,,,,,
395,,,9.4,,,,h,,,,
395,,,9.6,,,,,h,,,
395,,,9.8,,h,,,,,,
395,,,10,,,h,,,,,
395,,,10.2,,,,h,,,,
395,,,10.4,,,,,h,,,
395,,,10.6,,h,,,,,,
395,,,10.8,,,h,,,,,
395,,,11,,,,h,,,,
395,,,11.2,,,,,h,,,
395,,,11.4,,h,,,,,,
395,,,11.6,,,h,,,,,
395,,,11.8,,,,h,,,,
395,,,12,,,,,h,,,
395,,,12.2,,h,,,,,,
395,,,12.4,,,h,,,,,
395,,,12.6,,,,h,,,,
395,,,12.8,,,,,h,,,
395,,,13,,h,,,,,,
395,,,13.2,,,h,,,,,
395,,,13.4,,,,h,,,,
395,,,13.6,,,,,h,,,
395,,,13.8,,h,,,,,,
395,,,14,,,h,,,,,
395,,,14.2,,,,h,,,,
395,,,14.4,,,,,h,,,
395,,,14.6,,h,,,,,,
395,,,14.8,,,h,,,,,
395,,,15,,,,h,,,,
395,,,15.2,,,,,h,,,
395,,,15.4,,h,,,,,,
395,,,15.6,,,h,,,,,
395,,,15.8,,,,h,,,,
395,,,16,,,,,h,,,
395,,,16.2,,h,,,,,,
395,,,16.4,,,h,,,,,
395,,,16.6,,,,h,,,,
395,,,16.8,,,,,h,,,
395,,,17,,h,,,,,,
395,,,17.2,,,h,,,,,
395,,,17.4,,,,h,,,,
395,,,17.6,,,,,h,,,
395,,,17.8,,h,,,,,,
395,,,18,,,h,,,,,
395,,,18.2,,,,h,,,,
395,,,18.4,,,,,h,,,
395,,,18.6,,h,,,,,,
395,,,18.8,,,h,,,,,
395,,,19,,,,h,,,,
395,,,19.2,,,,,h,,,
395,,,19.4,,h,,,,,,
395,,,19.6,,,h,,,,,
395,,,19.8,,,,h,,,,
395,,,20,,,,,h,,,
395,,,20.2,,h,,,,,,
395,,,20.4,,,h,,,,,
395,,,20.6,,,,h,,,,
395,,,20.8,,,,,h,,,
395,,,21,,h,,,,,,
395,,,21.2,,,h,,,,,
395,,,21.4,,,,h,,,,
395,,,21.6,,,,,h,,,
395,,,21.8,,h,,,,,,
395,,,22,,,h,,,,,
395,,,22.2,,,,h,,,,
395,,,22.4,,,,,h,,,
395,,,22.6,,h,,,,,,
395,,,22.8,,,h,,,,,
395,,,23,,,,h,,,,
395,,,23.2,,,,,h,,,
395,,,23.4,,h,,,,,,
395,,,23.6,,,h,,,,,
395,,,23.8,,,,h,,,,
395,,,24,,,,,h,,,
395,,,24.2,,h,,,,,,
395,,,24.4,,,h,,,,,
395,,,24.6,,,,h,,,,
395,,,24.8,,,,,h,,,
395,,,25,,h,,,,,,
395,,,25.2,,,h,,,,,
395,,,25.4,,,,h,,,,
395,,,25.6,,,,,h,,,
395,,,25.8,,h,,,,,,
395,,,26,,,h,,,,,
395,,,26.2,,,,h,,,,
395,,,26.4,,,,,h,,,
395,,,26.6,,h,,,,,,
395,,,26.8,,,h,,,,,
395,,,27,,,,h,,,,
395,,,27.2,,,,,h,,,
395,,,27.4,,h,,,,,,
395,,,27.6,,,h,,,,,
395,,,27.8,,,,h,,,,
395,,,28,,,,,h,,,
395,,,28.2,,h,,,,,,
395,,,28.4,,,h,,,,,
395,,,28.6,,,,h,,,,
395,,,28.8,,,,,h,,,
396,,4,1,12,h,,,,H,,
396,,,1.2,,,h,,,,,
396,,,1.4,,,,h,,,,
396,,,1.6,,,,,T 1 l 72 1.4,,,
396,,,1.8,,h,,,,,,
396,,,2,,,h,,,,,
396,,,2.2,,,,h,,,,
396,,,2.6,,h,,,,,,
396,,,2.8,,,h,,,,,
396,,,3,,,,h,T 1 r 72 1,,,
396,,,3.4,,h,,,,,,
396,,,3.6,,,h,,,,,
396,,,3.8,,,,h,,,,
396,,,4,,,,,T 1 l 72 1,,,
396,,,4.2,,h,,,,,,
396,,,4.4,,,h,,,,,
396,,,4.6,,,,h,,,,
397,,,1,0,h,,,T 1 r 72 1.33,,,
397,,,1.2,,,h,,,,,
397,,,1.4,,,,h,,,,
397,,,1.8,,h,,,,,,
397,,,2,,,h,,,,,
397,,,2.2,,,,h,,,,
397,,,2.33,,,,,T 1 l 72 1.33,,,
397,,,2.6,,h,,,,,,
397,,,2.8,,,h,,,,,
397,,,3,,,,h,,,,
397,,,3.4,,h,,,,,,
397,,,3.6,,,h,,,,,
397,,,3.66,,,,,T 1 r 72 1.33,,,
397,,,3.8,,,,h,,,,
397,,,4.2,,h,,,,,,
397,,,4.4,,,h,,,,,
397,,,4.6,,,,h,,,,
398,,,1,,h,,,T 1 l 72 1.5,,,
398,,,1.2,,,h,,,,,
398,,,1.4,,,,h,,,,
398,,,1.8,,h,,,,,,
398,,,2,,,h,,,,,
398,,,2.2,,,,h,,,,
398,,,2.5,,,,,T 1 r 72 1.5,,,
398,,,2.6,,h,,,,,,
398,,,2.8,,,h,,,,,
398,,,3,,,,h,,,,
398,,,3.4,,h,,,,,,
398,,,3.6,,,h,,,,,
398,,,3.8,,,,h,,,,
398,,,4,,,,,T 1 l 72 2,,,
398,,,4.2,,h,,,,,,
398,,,4.4,,,h,,,,,
398,,,4.6,,,,h,,,,
399,,,1,,h,,,,,,
399,,,1.2,,,h,,,,,
399,,,1.4,,,,h,,,,
399,,,1.8,,h,,,,,,
399,,,2,,,h,,T 1 r 72 2.5,,,
399,,,2.2,,,,h,,,,
399,,,2.6,,h,,,,,,
399,,,2.8,,,h,,,,,
399,,,3,,,,h,,,,
399,,,3.4,,h,,,,,,
399,,,3.6,,,h,,,,,
399,,,3.8,,,,h,,,,
399,,,4.2,,h,,,,,,
399,,,4.4,,,h,,,,,
399,,,4.5,,,,,T 1 l 72 2,,,
399,,,4.6,,,,h,,,,
400,,,1,,h,,,,,,
400,,,1.2,,,h,,,,,
400,,,1.4,,,,T 1 l 72 1.6,,,,
400,,,1.8,,h,,,,,,
400,,,2,,,h,,,,,
400,,,2.5,,,,,T 1 r 72 2.5,,,
400,,,2.6,,h,,,,,,
400,,,2.8,,,h,,,,,
400,,,3,,,,T 1 r 72 1.33,,,,
400,,,3.4,,h,,,,,,
400,,,3.6,,,h,,,,,
400,,,4.2,,h,,,,,,
400,,,4.33,,,,T 1 l 72 1.33,,,,
400,,,4.4,,,h,,,,,
401,,,1,,h,,,T 1 l 72 2.66,,,
401,,,1.2,,,h,,,,,
401,,,1.66,,,,T 1 r 72 1.33,,,,
401,,,1.8,,h,,,,,,
401,,,2,,,h,,,,,
401,,,2.6,,h,,,,,,
401,,,2.8,,,h,,,,,
401,,,3,,,,T 1 l 72 1.5,,,,
401,,,3.4,,h,,,,,,
401,,,3.6,,,h,,,,,
401,,,3.66,,,,,T 1 r 72 2.66,,,
401,,,4.2,,h,,,,,,
401,,,4.4,,,h,,,,,
401,,,4.5,,,,T 1 r 72 1.5,,,,
402,,,1,,h,,,,,,
402,,,1.2,,,h,,,,,
402,,,1.8,,h,,,,,,
402,,,2,,,h,T 1 l 72 2,,,,
402,,,2.33,,,,,T 1 l 72 3.15,,,
402,,,2.6,,h,,,,,,
402,,,2.8,,,h,,,,,
402,,,3,,,,,,,,
402,,,3.4,,h,,,,,,
402,,,3.6,,,h,,,,,
402,,,3.66,,,,,,,,
402,,,4,,,,T 1 r 72 2.5,,,,
402,,,4.2,,h,,,,,,
402,,,4.4,,,h,,,,,
403,,,1,,h,,,,,,
403,,,1.2,,,h,,,,,
403,,,1.5,,,,,T 1 r 72 4,,,
403,,,1.8,,h,,,,,,
403,,,2,,,h,,,,,
403,,,2.5,,,,T 1 l 72 2.5,,,,
403,,,2.6,,h,,,,,,
403,,,2.8,,,h,,,,,
403,,,3.4,,h,,,,,,
403,,,3.6,,,T 1 l 72 0.8,,,,,
403,,,4.2,,h,,,,,,
403,,,4.4,,,T 1 r 72 0.8,,,,,
404,,,1,,h,,T 1 r 72 2.66,,,,
404,,,1.2,,,T 1 l 72 0.8,,,,,
404,,,1.5,,,,,T 1 l 72 3.5,,,
404,,,1.8,,h,,,,,,
404,,,2,,,T 1 r 72 1,,,,,
404,,,2.6,,h,,,,,,
404,,,3,,,T 1 l 72 1,,,,,
404,,,3.4,,h,,,,,,
404,,,3.66,,,,T 1 r 72 3.33,,,,
404,,,4,,,T 1 r 72 1,,,,,
404,,,4.2,,h,,,,,,
405,,,1,,h,T 1 l 72 1.33,,,,,
405,,,1.5,,,,,T 1 r 72 5.5,,,
405,,,1.8,,h,,,,,,
405,,,2.33,,,T 1 r 72 1.33,,,,,
405,,,2.6,,h,,,,,,
405,,,3,,,,T 1 l 72 3,,,,
405,,,3.4,,h,,,,,,
405,,,3.66,,,T 1 l 72 2.83,,,,,
405,,,4.2,,h,,,,,,
406,,,1,,h,,,,,,
406,,,1.8,,h,,,,,,
406,,,2,,,,T 1 r 72 3,,,,
406,,,2.5,,,T 1 r 72 1.5,,,,,
406,,,2.6,,h,,,,,,
406,,,3,,,,,T 1 l 72 5.5,,,
406,,,3.4,,h,,,,,,
406,,,4,,,T 1 l 72 2,,,,,
406,,,4.2,,h,,,,,,
407,,,1,,T 1 l 72 0.8,,T 1 r 72 3.66,,,,
407,,,1.8,,T 1 r 72 0.8,,,,,,
407,,,2,,,T 1 r 72 2.5,,,,,
407,,,2.6,,T 1 l 72 1.2,,,,,,
407,,,4,,T 1 r 72 1,,,,,,
407,,,4.5,,,T 1 l 72 2.5,,T 1 r 72 4.5,,,
407,,,4.66,,,,T 1 l 72 3.83,,,,
408,,,1,,T 1 l 72 1.33,,,,,,
408,,,2.33,,T 1 r 72 1.33,,,,,,
408,,,3,,,T 1 r 72 4.66,,,,,
408,,,3.66,,T 1 l 72 1.33,,,,,,
408,,,4.5,,,,T 1 r 72 4,,,,
409,,,1,,T 1 r 72 1.5,,,T 1 l 72 1,,,
409,,,2,,,,,T 1 r 72 1,,,
409,,,2.5,,T 1 l 72 1.5,,,,,,
409,,,3,,,,,T 1 l 72 1,,,
409,,,3.66,,,T 1 l 72 3.83,,,,,
409,,,4,,T 1 r 72 2,,,T 1 r 72 1,,,
409,,,4.5,,,,T 1 l 72 4.5,,,,
410,,,1,,,,,T 1 l 72 1.33,,,
410,,,2,,T 1 l 72 2,,,,,,
410,,,2.33,,,,,T 1 r 72 1.33,,,
410,,,3.66,,,,,T 1 l 72 1.33,,,
410,,,4,,T 1 r 72 3.66,T 1 r 72 3,,,,,
411,,,1,,,,T 1 r 72 1,T 1 r 72 1.5,,,
411,,,2,,,,T 1 l 72 1,,,,
411,,,2.5,,,,,T 1 l 72 1.5,,,
411,,,3,,,T 1 l 72 6,T 1 r 72 1,,,,
411,,,3.66,,T 1 l 72 3.33,,,,,,
411,,,4,,,,T 1 l 72 1,T 1 r 72 2,,,
412,,,1,,,,T 1 r 72 1.33,,,,
412,,,2,,,,,T 1 l 72 3,,,
412,,,2.33,,,,T 1 l 72 1.33,,,,
412,,,3,,T 1 r 72 4,,,,,,
412,,,3.66,,,,T 1 r 72 1.33,,,,
413,,,1,,,T 1 r 72 1,T 1 l 72 1.5,T 1 r 72 3,,,
413,,,2,,,T 1 l 72 1,,,,,
413,,,2.5,,,,T 1 r 72 1.5,,,,
413,,,3,,T 1 l 72 6,T 1 r 72 1,,,,,
413,,,4,,,T 1 l 72 1,T 1 l 72 2.5,T 1 l 72 3,,,
414,,,1,,,T 1 r 72 1.33,,,,,
414,,,2.33,,,T 1 l 72 1.33,,,,,
414,,,2.5,,,,T 1 r 72 2.5,,,,
414,,,3,,,,,T 1 r 72 4,,,
414,,,3.66,,,T 1 r 72 1.33,,,,,
415,,,1,,T 1 r 72 1,T 1 l 72 1.5,T 1 l 72 3,,,,
415,,,2,,T 1 l 72 1,,,,,,
415,,,2.5,,,T 1 r 72 1.5,,,,,
415,,,3,,T 1 r 72 1,,,T 1 l 72 6,,,
415,,,4,,T 1 l 72 1,T 1 l 72 2,T 1 r 72 4,,,,
416,,,1,,T 1 r 72 1.33,,,,,,
416,,,2,,,T 1 r 72 2.5,,,,,
416,,,2.33,,T 1 l 72 1.33,,,,,,
416,,,3.66,,T 1 r 72 1.33,,,,,,
416,,,4,,,,T 1 l 72 4,,,,
416,,,4.5,,,T 1 l 72 4,,,,,
417,,,1,,T 1 l 72 1.5,,,T 1 r 72 1,,,
417,,,2,,,,,T 1 l 72 1,,,
417,,,2.5,,T 1 r 72 1.5,,,,,,
417,,,3,,,,,T 1 r 72 1,,,
417,,,4,,T 1 l 72 2.5,,,T 1 l 72 1,,,
417,,,4.5,,,T 1 r 72 4.5,,,,,
418,,,1,,,,T 1 r 72 1,T 1 r 72 1.33,,,
418,,,2,,,,T 1 l 72 1,,,,
418,,,2.33,,,,,T 1 l 72 1.33,,,
418,,,2.5,,T 1 r 72 2.5,,,,,,
418,,,3,,,,T 1 r 72 1,,,,
418,,,3.66,,,,,T 1 r 72 1.33,,,
418,,,4,,,,T 1 l 72 1,,,,
419,,,1,,T 1 l 72 3,T 1 l 72 1,T 1 r 72 1.33,T 1 l 72 1.5,,,
419,,,2,,,T 1 r 72 1,,,,,
419,,,2.33,,,,T 1 l 72 1.33,,,,
419,,,2.5,,,,,T 1 r 72 1.5,,,
419,,,3,,,T 1 l 72 1,,,,,
419,,,3.66,,,,T 1 r 72 1.33,,,,
419,,,4,,T 1 r 72 1,T 1 r 72 1,,T 1 l 72 2,,,
420,,,1,,T 1 l 72 1,T 1 l 72 1.33,T 1 l 72 1.5,,,,
420,,,2,,T 1 r 72 1,,,T 1 r 72 2,,,
420,,,2.33,,,T 1 r 72 1.33,,,,,
420,,,2.5,,,,T 1 r 72 1.5,,,,
420,,,3,,T 1 l 72 1,,,,,,
420,,,3.66,,,T 1 l 72 1.33,,,,,
420,,,4,,T 1 r 72 1,,T 1 l 72 2,T 1 l 72 3,,,
421,,,1,,T 1 l 72 1.33,T 1 r 72 1.5,,,,,
421,,,2,,,,T 1 r 72 2,,,,
421,,,2.33,,T 1 r 72 1.33,,,,,,
421,,,2.5,,,T 1 l 72 1.5,,,,,
421,,,3,,,,,T 1 r 72 3,,,
421,,,3.66,,T 1 l 72 1.33,,,,,,
421,,,4,,,T 1 r 72 2,T 1 l 72 3,,,,
422,,,1,,T 1 r 72 1.5,,,,,,
422,,,2,,,T 1 l 72 2,,T 1 l 72 4,,,
422,,,2.5,,T 1 l 72 1.5,,,,,,
422,,,3,,,,T 1 l 72 3,,,,
422,,,4,,T 1 r 72 2,T 1 r 72 3,,,,,
423,,,1,,,,,,,,
423,,,2,,T 1 l 72 2,,T 1 l 72 4,T 1 r 72 5,,,
423,,,3,,,T 1 l 72 3,,,,,
423,,,4,,T 1 r 72 2.5,,,,,,
424,,,1,,,,,,,,
424,,,2,,,T 1 r 72 3,T 1 r 72 5,,,,
424,,,2.5,,T 1 l 72 2,,,,,,
424,,,3,,,,,T 1 l 72 6,,,
424,,,4.5,,T 1 r 72 2.5,,,,,,
425,,,1,,,T 1 l 72 3,,,,,
425,,,3,,T 1 l 72 2.5,,T 1 l 72 5,,,,
425,,,4,,,T 1 r 72 3,,,,,
426,,,1,,,,,T 1 r 72 8,,,
426,,,1.5,,T 1 r 72 3,,,,,,
426,,,3,,,T 1 l 72 4,,,,,
426,,,4,,,,T 1 r 72 5,,,,
426,,,4.5,,T 1 l 72 3,,,,,,
427,,,1,,,,,,,,
427,,,3,,,T 1 r 72 4,,,,,
427,,,3.5,,T 1 r 72 3,,,,,,
428,,,1,,,,T 1 l 72 8,T 1 l 72 8,,,
428,,,2.5,,T 1 l 72 3,,,,,,
428,,,3,,,T 1 l 72 6,,,,,
429,,,1.5,,T 1 r 72 3,,,,,,
429,,,4.5,,T 1 l 72 3.5,,,,,,
430,,,1,,,T 1 r 72 8,T 1 r 72 8,T 1 r 72 8,,,
430,,,4,,T 1 r 72 5,,,,,,
431,,,1,,,,,,,,
432,,,1,,T 1 l 72 8,T 1 l 72 8,T 1 l 72 8,T 1 l 72 8,,,
433,,,1,,,,,,,,
